ID,Timestamp,Numer_Wyciagu,ID_Karty
1,2024-12-27 08:02:01,6,87710
2,2024-12-27 08:07:02,3,83967
3,2024-12-27 08:11:22,10,78842
4,2024-12-27 08:11:26,8,80607
5,2024-12-27 08:17:02,3,83967
6,2024-12-27 08:22:16,6,87710
7,2024-12-27 08:27:02,3,83967
8,2024-12-27 08:28:16,3,20699
9,2024-12-27 08:29:11,8,80607
10,2024-12-27 08:36:22,10,78842
11,2024-12-27 08:37:02,3,83967
12,2024-12-27 08:38:16,2,20699
13,2024-12-27 08:39:07,9,48859
14,2024-12-27 08:39:44,7,70717
15,2024-12-27 08:41:21,3,26538
16,2024-12-27 08:42:31,6,87710
17,2024-12-27 08:43:13,8,14899
18,2024-12-27 08:43:40,1,62561
19,2024-12-27 08:46:56,8,80607
20,2024-12-27 08:47:02,3,83967
21,2024-12-27 08:49:03,4,85774
22,2024-12-27 08:50:07,9,48859
23,2024-12-27 08:50:14,7,70717
24,2024-12-27 08:51:21,3,26538
25,2024-12-27 08:54:10,1,62561
26,2024-12-27 08:54:19,4,13342
27,2024-12-27 08:55:34,1,48510
28,2024-12-27 08:55:46,2,20699
29,2024-12-27 08:57:02,3,83967
30,2024-12-27 08:57:05,6,83507
31,2024-12-27 09:00:44,7,70717
32,2024-12-27 09:00:58,8,14899
33,2024-12-27 09:01:07,9,48859
34,2024-12-27 09:01:21,3,26538
35,2024-12-27 09:01:22,10,78842
36,2024-12-27 09:02:46,6,87710
37,2024-12-27 09:04:40,1,62561
38,2024-12-27 09:04:41,8,80607
39,2024-12-27 09:06:04,5,48510
40,2024-12-27 09:06:18,6,85774
41,2024-12-27 09:07:02,3,83967
42,2024-12-27 09:11:14,7,70717
43,2024-12-27 09:11:21,3,26538
44,2024-12-27 09:11:34,4,13342
45,2024-12-27 09:12:07,9,48859
46,2024-12-27 09:13:16,2,20699
47,2024-12-27 09:13:20,4,39268
48,2024-12-27 09:15:10,7,62561
49,2024-12-27 09:17:02,3,83967
50,2024-12-27 09:17:20,6,83507
51,2024-12-27 09:18:43,8,14899
52,2024-12-27 09:18:49,1,52046
53,2024-12-27 09:21:21,3,26538
54,2024-12-27 09:21:44,7,70717
55,2024-12-27 09:22:26,8,80607
56,2024-12-27 09:22:44,7,50183
57,2024-12-27 09:23:01,6,87710
58,2024-12-27 09:23:07,9,48859
59,2024-12-27 09:25:40,7,62561
60,2024-12-27 09:26:22,10,78842
61,2024-12-27 09:26:33,7,85774
62,2024-12-27 09:27:02,3,83967
63,2024-12-27 09:28:49,4,13342
64,2024-12-27 09:29:04,5,48510
65,2024-12-27 09:29:19,1,52046
66,2024-12-27 09:30:35,4,39268
67,2024-12-27 09:30:46,1,20699
68,2024-12-27 09:31:21,3,26538
69,2024-12-27 09:32:14,10,70717
70,2024-12-27 09:33:14,7,50183
71,2024-12-27 09:34:07,9,48859
72,2024-12-27 09:36:10,7,62561
73,2024-12-27 09:36:28,8,14899
74,2024-12-27 09:37:02,10,83967
75,2024-12-27 09:37:03,7,85774
76,2024-12-27 09:37:05,7,83539
77,2024-12-27 09:37:35,10,83507
78,2024-12-27 09:39:49,1,52046
79,2024-12-27 09:40:11,8,80607
80,2024-12-27 09:41:16,1,20699
81,2024-12-27 09:41:21,3,26538
82,2024-12-27 09:43:16,6,87710
83,2024-12-27 09:43:44,7,50183
84,2024-12-27 09:43:52,9,59030
85,2024-12-27 09:45:07,9,48859
86,2024-12-27 09:46:04,4,13342
87,2024-12-27 09:46:40,7,62561
88,2024-12-27 09:47:33,7,85774
89,2024-12-27 09:47:35,3,83539
90,2024-12-27 09:47:50,4,39268
91,2024-12-27 09:50:19,1,52046
92,2024-12-27 09:51:21,3,26538
93,2024-12-27 09:51:22,10,78842
94,2024-12-27 09:51:35,2,64525
95,2024-12-27 09:51:46,1,20699
96,2024-12-27 09:52:04,5,48510
97,2024-12-27 09:52:51,5,27244
98,2024-12-27 09:53:35,3,10813
99,2024-12-27 09:54:13,8,14899
100,2024-12-27 09:54:14,10,50183
101,2024-12-27 09:54:52,9,59030
102,2024-12-27 09:56:07,9,48859
103,2024-12-27 09:57:10,7,62561
104,2024-12-27 09:57:14,10,70717
105,2024-12-27 09:57:32,1,75670
106,2024-12-27 09:57:35,3,83539
107,2024-12-27 09:57:56,8,80607
108,2024-12-27 09:58:03,7,85774
109,2024-12-27 09:58:48,8,57144
110,2024-12-27 09:59:49,2,70624
111,2024-12-27 10:00:49,1,52046
112,2024-12-27 10:01:21,3,26538
113,2024-12-27 10:01:42,10,45648
114,2024-12-27 10:02:16,1,20699
115,2024-12-27 10:02:35,10,83507
116,2024-12-27 10:03:19,4,13342
117,2024-12-27 10:03:31,2,87710
118,2024-12-27 10:03:35,3,10813
119,2024-12-27 10:05:05,4,39268
120,2024-12-27 10:05:52,9,59030
121,2024-12-27 10:07:07,9,48859
122,2024-12-27 10:07:35,3,83539
123,2024-12-27 10:07:40,7,62561
124,2024-12-27 10:08:02,1,75670
125,2024-12-27 10:08:33,7,85774
126,2024-12-27 10:09:05,2,64525
127,2024-12-27 10:11:19,1,52046
128,2024-12-27 10:11:21,8,26538
129,2024-12-27 10:11:58,8,14899
130,2024-12-27 10:12:46,1,20699
131,2024-12-27 10:13:35,3,10813
132,2024-12-27 10:15:04,5,48510
133,2024-12-27 10:15:41,8,80607
134,2024-12-27 10:15:51,1,27244
135,2024-12-27 10:16:22,10,78842
136,2024-12-27 10:16:33,8,57144
137,2024-12-27 10:16:52,9,59030
138,2024-12-27 10:17:19,7,70624
139,2024-12-27 10:17:35,3,83539
140,2024-12-27 10:18:07,9,48859
141,2024-12-27 10:18:10,7,62561
142,2024-12-27 10:18:32,1,75670
143,2024-12-27 10:19:03,7,85774
144,2024-12-27 10:19:14,10,50183
145,2024-12-27 10:19:57,6,13799
146,2024-12-27 10:20:34,4,13342
147,2024-12-27 10:21:01,2,87710
148,2024-12-27 10:21:26,9,68681
149,2024-12-27 10:21:49,1,52046
150,2024-12-27 10:22:14,10,70717
151,2024-12-27 10:22:20,4,39268
152,2024-12-27 10:23:16,1,20699
153,2024-12-27 10:23:35,8,10813
154,2024-12-27 10:24:20,5,76271
155,2024-12-27 10:25:17,2,58351
156,2024-12-27 10:26:21,1,27244
157,2024-12-27 10:26:35,2,64525
158,2024-12-27 10:26:42,10,45648
159,2024-12-27 10:27:35,3,83539
160,2024-12-27 10:27:35,3,83507
161,2024-12-27 10:27:49,7,70624
162,2024-12-27 10:27:52,9,59030
163,2024-12-27 10:29:02,1,75670
164,2024-12-27 10:29:33,7,85774
165,2024-12-27 10:29:43,8,14899
166,2024-12-27 10:32:19,1,52046
167,2024-12-27 10:32:26,9,68681
168,2024-12-27 10:33:26,8,80607
169,2024-12-27 10:34:18,8,57144
170,2024-12-27 10:36:51,1,27244
171,2024-12-27 10:37:35,3,83539
172,2024-12-27 10:37:35,3,83507
173,2024-12-27 10:37:49,4,13342
174,2024-12-27 10:38:04,5,48510
175,2024-12-27 10:38:19,7,70624
176,2024-12-27 10:38:31,8,87710
177,2024-12-27 10:38:52,4,59030
178,2024-12-27 10:39:32,1,75670
179,2024-12-27 10:39:35,4,39268
180,2024-12-27 10:40:03,7,85774
181,2024-12-27 10:40:12,6,13799
182,2024-12-27 10:41:20,8,10813
183,2024-12-27 10:41:22,10,78842
184,2024-12-27 10:42:47,2,58351
185,2024-12-27 10:42:49,2,52046
186,2024-12-27 10:43:26,9,68681
187,2024-12-27 10:44:05,2,64525
188,2024-12-27 10:44:14,10,50183
189,2024-12-27 10:44:54,2,47927
190,2024-12-27 10:47:14,10,70717
191,2024-12-27 10:47:20,8,76271
192,2024-12-27 10:47:21,1,27244
193,2024-12-27 10:47:28,8,14899
194,2024-12-27 10:47:35,3,83539
195,2024-12-27 10:47:35,3,83507
196,2024-12-27 10:48:49,7,70624
197,2024-12-27 10:50:02,1,75670
198,2024-12-27 10:50:59,9,19567
199,2024-12-27 10:51:02,4,47559
200,2024-12-27 10:51:11,8,80607
201,2024-12-27 10:51:42,10,45648
202,2024-12-27 10:52:03,8,57144
203,2024-12-27 10:54:26,9,68681
204,2024-12-27 10:54:45,5,70843
205,2024-12-27 10:55:04,4,13342
206,2024-12-27 10:56:07,4,59030
207,2024-12-27 10:56:16,8,87710
208,2024-12-27 10:56:50,4,39268
209,2024-12-27 10:57:35,3,83539
210,2024-12-27 10:57:35,3,83507
211,2024-12-27 10:57:51,4,27244
212,2024-12-27 10:59:05,2,10813
213,2024-12-27 10:59:19,4,70624
214,2024-12-27 11:00:17,2,58351
215,2024-12-27 11:00:19,2,52046
216,2024-12-27 11:00:27,6,13799
217,2024-12-27 11:00:32,1,75670
218,2024-12-27 11:01:04,5,48510
219,2024-12-27 11:01:35,10,64525
220,2024-12-27 11:01:59,9,19567
221,2024-12-27 11:02:24,2,47927
222,2024-12-27 11:05:05,8,76271
223,2024-12-27 11:05:13,8,14899
224,2024-12-27 11:05:26,1,68681
225,2024-12-27 11:06:22,10,78842
226,2024-12-27 11:07:30,6,89507
227,2024-12-27 11:07:35,3,83539
228,2024-12-27 11:07:35,3,83507
229,2024-12-27 11:08:17,4,47559
230,2024-12-27 11:09:14,5,50183
231,2024-12-27 11:09:42,9,87317
232,2024-12-27 11:09:48,8,57144
233,2024-12-27 11:10:35,3,27662
234,2024-12-27 11:10:42,5,51259
235,2024-12-27 11:11:02,1,75670
236,2024-12-27 11:12:14,10,70717
237,2024-12-27 11:12:19,5,13342
238,2024-12-27 11:12:59,9,19567
239,2024-12-27 11:13:22,4,59030
240,2024-12-27 11:13:52,7,67705
241,2024-12-27 11:14:05,4,39268
242,2024-12-27 11:15:06,4,27244
243,2024-12-27 11:15:56,1,68681
244,2024-12-27 11:16:34,4,70624
245,2024-12-27 11:16:35,2,10813
246,2024-12-27 11:16:42,10,45648
247,2024-12-27 11:17:35,4,83507
248,2024-12-27 11:17:45,5,70843
249,2024-12-27 11:17:47,4,58351
250,2024-12-27 11:19:21,10,72524
251,2024-12-27 11:19:54,2,47927
252,2024-12-27 11:20:35,3,27662
253,2024-12-27 11:20:42,9,87317
254,2024-12-27 11:20:42,6,13799
255,2024-12-27 11:21:15,3,20985
256,2024-12-27 11:21:29,9,31342
257,2024-12-27 11:21:32,1,75670
258,2024-12-27 11:22:31,3,44311
259,2024-12-27 11:22:50,8,76271
260,2024-12-27 11:22:58,8,14899
261,2024-12-27 11:23:59,8,19567
262,2024-12-27 11:24:04,5,48510
263,2024-12-27 11:24:22,9,67705
264,2024-12-27 11:24:23,1,47927
265,2024-12-27 11:25:32,4,47559
266,2024-12-27 11:26:26,1,68681
267,2024-12-27 11:26:35,3,64525
268,2024-12-27 11:27:33,8,57144
269,2024-12-27 11:27:45,6,89507
270,2024-12-27 11:30:35,3,27662
271,2024-12-27 11:30:37,4,59030
272,2024-12-27 11:31:15,3,20985
273,2024-12-27 11:31:20,4,39268
274,2024-12-27 11:31:22,10,78842
275,2024-12-27 11:31:42,9,87317
276,2024-12-27 11:32:02,1,75670
277,2024-12-27 11:32:14,5,50183
278,2024-12-27 11:32:21,4,27244
279,2024-12-27 11:32:29,9,31342
280,2024-12-27 11:32:31,3,44311
281,2024-12-27 11:33:42,5,51259
282,2024-12-27 11:33:49,3,70624
283,2024-12-27 11:34:05,2,10813
284,2024-12-27 11:34:06,10,67567
285,2024-12-27 11:42:31,3,44311
286,2024-12-27 11:42:42,9,87317
287,2024-12-27 11:42:47,4,47559
288,2024-12-27 11:43:29,9,31342
289,2024-12-27 11:43:41,1,47927
290,2024-12-27 11:43:49,3,70624
291,2024-12-27 11:43:50,4,58351
292,2024-12-27 11:44:07,5,13342
293,2024-12-27 11:44:10,9,67705
294,2024-12-27 11:44:21,10,72524
295,2024-12-27 11:45:18,9,57144
296,2024-12-27 11:45:23,3,64525
297,2024-12-27 11:45:44,1,68681
298,2024-12-27 11:46:12,9,47927
299,2024-12-27 11:47:04,5,48510
300,2024-12-27 11:47:52,4,59030
301,2024-12-27 11:48:00,6,89507
302,2024-12-27 11:48:35,4,39268
303,2024-12-27 11:49:23,8,76647
304,2024-12-27 11:49:23,3,27662
305,2024-12-27 11:49:23,8,76271
306,2024-12-27 11:49:33,5,70843
307,2024-12-27 11:49:36,4,27244
308,2024-12-27 11:49:45,6,13799
309,2024-12-27 11:50:03,3,20985
310,2024-12-27 11:50:30,10,45648
311,2024-12-27 11:50:32,8,19567
312,2024-12-27 11:51:35,2,10813
313,2024-12-27 11:52:31,3,44311
314,2024-12-27 11:53:42,9,87317
315,2024-12-27 11:53:49,2,70624
316,2024-12-27 11:54:11,1,47927
317,2024-12-27 11:54:29,2,31342
318,2024-12-27 11:55:10,9,67705
319,2024-12-27 11:55:14,5,50183
320,2024-12-27 11:55:23,5,64525
321,2024-12-27 11:56:14,1,68681
322,2024-12-27 11:56:18,9,57144
323,2024-12-27 11:56:22,1,78842
324,2024-12-27 11:56:35,3,25401
325,2024-12-27 11:56:42,4,51259
326,2024-12-27 11:57:12,10,47927
327,2024-12-27 11:57:39,9,31305
328,2024-12-27 11:59:06,10,67567
329,2024-12-27 11:59:23,3,27662
330,2024-12-27 11:59:34,4,63968
331,2024-12-27 12:00:02,4,47559
332,2024-12-27 12:00:03,3,20985
333,2024-12-27 12:01:05,4,58351
334,2024-12-27 12:02:31,3,44311
335,2024-12-27 12:03:57,9,24836
336,2024-12-27 12:04:08,10,79210
337,2024-12-27 12:04:41,1,47927
338,2024-12-27 12:04:42,9,87317
339,2024-12-27 12:06:10,9,67705
340,2024-12-27 12:06:35,3,25401
341,2024-12-27 12:06:44,1,68681
342,2024-12-27 12:06:51,4,27244
343,2024-12-27 12:07:08,8,76647
344,2024-12-27 12:07:08,8,76271
345,2024-12-27 12:07:18,9,57144
346,2024-12-27 12:08:15,6,89507
347,2024-12-27 12:08:17,8,19567
348,2024-12-27 12:08:39,9,31305
349,2024-12-27 12:09:05,2,10813
350,2024-12-27 12:09:13,4,52310
351,2024-12-27 12:09:21,10,72524
352,2024-12-27 12:09:23,3,27662
353,2024-12-27 12:10:00,6,13799
354,2024-12-27 12:10:03,3,20985
355,2024-12-27 12:10:04,5,48510
356,2024-12-27 12:11:59,2,31342
357,2024-12-27 12:12:31,3,44311
358,2024-12-27 12:12:32,4,49291
359,2024-12-27 12:12:33,5,70843
360,2024-12-27 12:13:57,4,51259
361,2024-12-27 12:14:57,9,24836
362,2024-12-27 12:15:11,1,47927
363,2024-12-27 12:15:30,10,45648
364,2024-12-27 12:15:42,9,87317
365,2024-12-27 12:16:04,3,51701
366,2024-12-27 12:16:35,5,25401
367,2024-12-27 12:16:49,4,63968
368,2024-12-27 12:17:10,9,67705
369,2024-12-27 12:17:17,4,47559
370,2024-12-27 12:18:14,5,50183
371,2024-12-27 12:18:18,9,57144
372,2024-12-27 12:18:20,4,58351
373,2024-12-27 12:18:23,5,64525
374,2024-12-27 12:18:43,9,34202
375,2024-12-27 12:19:23,3,27662
376,2024-12-27 12:19:39,6,31305
377,2024-12-27 12:20:03,3,20985
378,2024-12-27 12:22:00,5,28070
379,2024-12-27 12:22:12,10,47927
380,2024-12-27 12:22:31,3,44311
381,2024-12-27 12:22:41,8,34048
382,2024-12-27 12:23:40,7,46239
383,2024-12-27 12:24:06,10,67567
384,2024-12-27 12:24:53,8,76647
385,2024-12-27 12:24:53,8,76271
386,2024-12-27 12:25:41,1,47927
387,2024-12-27 12:25:57,9,24836
388,2024-12-27 12:26:02,8,19567
389,2024-12-27 12:26:04,3,51701
390,2024-12-27 12:26:28,4,52310
391,2024-12-27 12:26:42,9,87317
392,2024-12-27 12:28:10,9,67705
393,2024-12-27 12:28:30,6,89507
394,2024-12-27 12:29:08,10,79210
395,2024-12-27 12:29:23,3,27662
396,2024-12-27 12:29:29,2,31342
397,2024-12-27 12:29:43,9,34202
398,2024-12-27 12:29:47,4,49291
399,2024-12-27 12:30:03,3,20985
400,2024-12-27 12:30:15,6,13799
401,2024-12-27 12:31:12,4,51259
402,2024-12-27 12:31:36,2,30082
403,2024-12-27 12:32:31,3,44311
404,2024-12-27 12:32:37,2,59624
405,2024-12-27 12:34:04,4,63968
406,2024-12-27 12:34:10,7,46239
407,2024-12-27 12:34:21,10,72524
408,2024-12-27 12:34:32,4,47559
409,2024-12-27 12:35:33,5,70843
410,2024-12-27 12:35:35,4,58351
411,2024-12-27 12:35:56,2,10923
412,2024-12-27 12:36:04,3,51701
413,2024-12-27 12:36:11,1,47927
414,2024-12-27 12:36:57,9,24836
415,2024-12-27 12:37:42,9,87317
416,2024-12-27 12:39:10,9,67705
417,2024-12-27 12:39:23,3,27662
418,2024-12-27 12:39:35,9,25401
419,2024-12-27 12:39:54,6,31305
420,2024-12-27 12:40:03,3,20985
421,2024-12-27 12:40:26,8,34048
422,2024-12-27 12:40:30,10,45648
423,2024-12-27 12:40:43,9,34202
424,2024-12-27 12:41:23,5,64525
425,2024-12-27 12:42:31,4,44311
426,2024-12-27 12:42:38,8,76647
427,2024-12-27 12:42:38,8,76271
428,2024-12-27 12:43:43,4,52310
429,2024-12-27 12:43:47,8,19567
430,2024-12-27 12:44:40,7,46239
431,2024-12-27 12:45:00,5,28070
432,2024-12-27 12:46:04,3,51701
433,2024-12-27 12:46:41,1,47927
434,2024-12-27 12:46:59,2,31342
435,2024-12-27 12:47:02,4,49291
436,2024-12-27 12:47:12,10,47927
437,2024-12-27 12:47:57,9,24836
438,2024-12-27 12:48:27,4,51259
439,2024-12-27 12:48:42,9,87317
440,2024-12-27 12:48:45,6,89507
441,2024-12-27 12:49:06,10,67567
442,2024-12-27 12:49:06,2,30082
443,2024-12-27 12:49:23,3,27662
444,2024-12-27 12:50:03,3,20985
445,2024-12-27 12:50:07,2,59624
446,2024-12-27 12:50:10,2,67705
447,2024-12-27 12:50:30,6,13799
448,2024-12-27 12:50:35,9,25401
449,2024-12-27 12:51:19,4,63968
450,2024-12-27 12:51:43,9,34202
451,2024-12-27 12:51:47,4,47559
452,2024-12-27 12:52:05,6,27035
453,2024-12-27 12:52:50,4,58351
454,2024-12-27 12:53:26,2,10923
455,2024-12-27 12:54:08,10,79210
456,2024-12-27 12:55:10,7,46239
457,2024-12-27 12:56:04,3,51701
458,2024-12-27 12:57:11,6,47927
459,2024-12-27 12:58:11,10,34048
460,2024-12-27 12:58:33,5,70843
461,2024-12-27 12:58:57,9,24836
462,2024-12-27 12:59:21,10,72524
463,2024-12-27 12:59:46,4,44311
464,2024-12-27 13:00:03,3,20985
465,2024-12-27 13:00:09,6,31305
466,2024-12-27 13:00:23,8,76647
467,2024-12-27 13:00:23,3,76271
468,2024-12-27 13:00:58,6,52310
469,2024-12-27 13:01:32,8,19567
470,2024-12-27 13:01:35,2,25401
471,2024-12-27 13:02:43,9,34202
472,2024-12-27 13:03:58,2,27280
473,2024-12-27 13:04:17,7,49291
474,2024-12-27 13:04:29,2,31342
475,2024-12-27 13:05:30,10,45648
476,2024-12-27 13:05:40,7,46239
477,2024-12-27 13:05:42,4,51259
478,2024-12-27 13:05:58,5,35158
479,2024-12-27 13:06:04,6,51701
480,2024-12-27 13:06:36,2,30082
481,2024-12-27 13:07:37,6,59624
482,2024-12-27 13:07:40,2,67705
483,2024-12-27 13:08:00,5,28070
484,2024-12-27 13:08:34,4,63968
485,2024-12-27 13:09:00,6,89507
486,2024-12-27 13:09:02,4,47559
487,2024-12-27 13:09:57,9,24836
488,2024-12-27 13:10:05,4,58351
489,2024-12-27 13:10:23,3,76271
490,2024-12-27 13:10:45,6,13799
491,2024-12-27 13:10:56,2,10923
492,2024-12-27 13:12:12,10,47927
493,2024-12-27 13:12:20,6,27035
494,2024-12-27 13:12:53,1,19140
495,2024-12-27 13:13:43,9,34202
496,2024-12-27 13:14:06,10,67567
497,2024-12-27 13:14:47,7,49291
498,2024-12-27 13:15:33,4,61849
499,2024-12-27 13:16:10,7,46239
500,2024-12-27 13:17:26,6,47927
501,2024-12-27 13:18:08,8,76647
502,2024-12-27 13:19:05,2,25401
503,2024-12-27 13:19:08,10,79210
504,2024-12-27 13:19:17,8,19567
505,2024-12-27 13:19:48,6,59707
506,2024-12-27 13:20:24,6,31305
507,2024-12-27 13:20:57,9,24836
508,2024-12-27 13:21:13,6,52310
509,2024-12-27 13:21:28,2,27280
510,2024-12-27 13:21:33,8,70843
511,2024-12-27 13:21:59,7,31342
512,2024-12-27 13:22:40,8,59983
513,2024-12-27 13:22:57,4,51259
514,2024-12-27 13:23:11,10,34048
515,2024-12-27 13:23:23,1,19140
516,2024-12-27 13:24:06,2,30082
517,2024-12-27 13:24:21,10,72524
518,2024-12-27 13:24:43,6,34202
519,2024-12-27 13:25:17,7,49291
520,2024-12-27 13:25:49,4,63968
521,2024-12-27 13:25:58,9,55727
522,2024-12-27 13:26:17,4,47559
523,2024-12-27 13:26:19,6,51701
524,2024-12-27 13:26:40,7,46239
525,2024-12-27 13:27:52,6,59624
526,2024-12-27 13:27:55,3,89109
527,2024-12-27 13:28:26,2,10923
528,2024-12-27 13:28:58,5,35158
529,2024-12-27 13:29:15,6,89507
530,2024-12-27 13:30:09,10,77284
531,2024-12-27 13:30:30,10,45648
532,2024-12-27 13:31:00,5,28070
533,2024-12-27 13:31:00,3,13799
534,2024-12-27 13:31:57,9,24836
535,2024-12-27 13:32:29,7,31342
536,2024-12-27 13:32:35,6,27035
537,2024-12-27 13:32:48,9,61849
538,2024-12-27 13:33:53,1,19140
539,2024-12-27 13:34:38,9,29198
540,2024-12-27 13:35:47,7,49291
541,2024-12-27 13:35:53,8,76647
542,2024-12-27 13:36:35,2,25401
543,2024-12-27 13:36:58,9,55727
544,2024-12-27 13:37:10,7,46239
545,2024-12-27 13:37:12,10,47927
546,2024-12-27 13:37:55,3,89109
547,2024-12-27 13:37:57,6,20730
548,2024-12-27 13:38:58,2,27280
549,2024-12-27 13:39:06,10,67567
550,2024-12-27 13:39:18,8,70843
551,2024-12-27 13:40:03,6,59707
552,2024-12-27 13:40:12,4,51259
553,2024-12-27 13:40:25,8,59983
554,2024-12-27 13:40:39,6,31305
555,2024-12-27 13:41:28,6,52310
556,2024-12-27 13:41:36,2,30082
557,2024-12-27 13:42:12,1,38777
558,2024-12-27 13:42:57,3,24836
559,2024-12-27 13:43:02,10,50466
560,2024-12-27 13:43:04,4,63968
561,2024-12-27 13:43:48,9,61849
562,2024-12-27 13:44:08,2,79210
563,2024-12-27 13:44:23,1,19140
564,2024-12-27 13:44:58,6,34202
565,2024-12-27 13:45:38,9,29198
566,2024-12-27 13:45:56,2,10923
567,2024-12-27 13:46:17,7,49291
568,2024-12-27 13:46:34,6,51701
569,2024-12-27 13:47:40,7,46239
570,2024-12-27 13:47:55,3,89109
571,2024-12-27 13:47:58,6,55727
572,2024-12-27 13:48:07,1,59624
573,2024-12-27 13:48:11,5,34048
574,2024-12-27 13:48:46,2,35193
575,2024-12-27 13:49:21,10,72524
576,2024-12-27 13:49:30,6,89507
577,2024-12-27 13:51:58,5,35158
578,2024-12-27 13:52:42,4,38777
579,2024-12-27 13:52:50,1,27035
580,2024-12-27 13:53:34,10,88361
581,2024-12-27 13:53:38,8,76647
582,2024-12-27 13:54:00,5,28070
583,2024-12-27 13:54:05,2,25401
584,2024-12-27 13:54:48,3,61849
585,2024-12-27 13:54:53,1,19140
586,2024-12-27 13:55:09,10,77284
587,2024-12-27 13:55:30,10,45648
588,2024-12-27 13:56:28,2,27280
589,2024-12-27 13:56:38,9,29198
590,2024-12-27 13:56:39,6,16689
591,2024-12-27 13:56:47,6,49291
592,2024-12-27 13:57:03,8,70843
593,2024-12-27 13:57:27,2,51259
594,2024-12-27 13:57:55,3,89109
595,2024-12-27 13:58:10,7,46239
596,2024-12-27 13:58:10,8,59983
597,2024-12-27 13:58:12,6,20730
598,2024-12-27 13:58:37,1,59624
599,2024-12-27 13:59:06,2,30082
600,2024-12-27 14:00:18,6,59707
601,2024-12-27 14:00:19,4,63968
602,2024-12-27 14:00:54,2,31305
603,2024-12-27 14:01:26,9,77108
604,2024-12-27 14:01:38,2,79210
605,2024-12-27 14:01:43,6,52310
606,2024-12-27 14:02:12,10,47927
607,2024-12-27 14:03:20,1,27035
608,2024-12-27 14:03:26,2,10923
609,2024-12-27 14:04:06,1,67567
610,2024-12-27 14:04:48,3,61849
611,2024-12-27 14:05:13,6,34202
612,2024-12-27 14:05:23,1,19140
613,2024-12-27 14:06:16,2,35193
614,2024-12-27 14:06:49,6,51701
615,2024-12-27 14:07:38,9,29198
616,2024-12-27 14:07:55,3,89109
617,2024-12-27 14:08:02,5,50466
618,2024-12-27 14:08:13,6,55727
619,2024-12-27 14:09:07,1,59624
620,2024-12-27 14:09:45,6,89507
621,2024-12-27 14:09:57,4,38777
622,2024-12-27 14:11:11,5,34048
623,2024-12-27 14:11:23,8,76647
624,2024-12-27 14:11:35,2,25401
625,2024-12-27 14:12:26,9,77108
626,2024-12-27 14:13:50,1,27035
627,2024-12-27 14:13:58,2,27280
628,2024-12-27 14:14:21,10,72524
629,2024-12-27 14:14:36,1,67567
630,2024-12-27 14:14:48,8,70843
631,2024-12-27 14:14:48,7,61849
632,2024-12-27 14:14:58,5,35158
633,2024-12-27 14:15:53,1,19140
634,2024-12-27 14:15:55,2,59983
635,2024-12-27 14:16:36,2,30082
636,2024-12-27 14:16:47,8,78141
637,2024-12-27 14:16:54,3,16689
638,2024-12-27 14:17:00,5,28070
639,2024-12-27 14:17:02,6,49291
640,2024-12-27 14:17:34,9,63968
641,2024-12-27 14:17:55,3,89109
642,2024-12-27 14:18:24,3,31305
643,2024-12-27 14:18:27,6,20730
644,2024-12-27 14:18:34,10,88361
645,2024-12-27 14:18:38,9,29198
646,2024-12-27 14:19:08,2,79210
647,2024-12-27 14:19:37,9,59624
648,2024-12-27 14:20:09,10,77284
649,2024-12-27 14:20:33,6,59707
650,2024-12-27 14:20:56,2,10923
651,2024-12-27 14:21:58,6,52310
652,2024-12-27 14:23:26,9,77108
653,2024-12-27 14:23:46,2,35193
654,2024-12-27 14:24:20,1,27035
655,2024-12-27 14:25:06,5,67567
656,2024-12-27 14:25:18,3,61849
657,2024-12-27 14:25:28,6,34202
658,2024-12-27 14:26:23,1,19140
659,2024-12-27 14:26:54,9,16689
660,2024-12-27 14:27:04,6,51701
661,2024-12-27 14:27:12,4,38777
662,2024-12-27 14:27:55,6,89109
663,2024-12-27 14:28:09,4,41707
664,2024-12-27 14:28:24,3,31305
665,2024-12-27 14:28:28,6,55727
666,2024-12-27 14:28:34,9,63968
667,2024-12-27 14:29:08,5,76647
668,2024-12-27 14:29:21,7,11034
669,2024-12-27 14:29:38,7,29198
670,2024-12-27 14:30:37,6,59624
671,2024-12-27 14:31:02,5,50466
672,2024-12-27 14:31:28,2,27280
673,2024-12-27 14:31:39,6,25815
674,2024-12-27 14:33:25,2,59983
675,2024-12-27 14:34:06,2,30082
676,2024-12-27 14:34:11,5,34048
677,2024-12-27 14:34:26,9,77108
678,2024-12-27 14:34:32,8,78141
679,2024-12-27 14:34:50,1,27035
680,2024-12-27 14:35:18,3,61849
681,2024-12-27 14:36:38,2,79210
682,2024-12-27 14:36:53,1,19140
683,2024-12-27 14:37:54,9,16689
684,2024-12-27 14:37:58,5,35158
685,2024-12-27 14:38:26,2,10923
686,2024-12-27 14:38:42,6,20730
687,2024-12-27 14:39:21,10,72524
688,2024-12-27 14:39:51,7,11034
689,2024-12-27 14:40:00,10,28070
690,2024-12-27 14:40:08,7,29198
691,2024-12-27 14:40:48,6,59707
692,2024-12-27 14:41:16,2,35193
693,2024-12-27 14:42:13,6,52310
694,2024-12-27 14:43:34,10,88361
695,2024-12-27 14:44:27,4,38777
696,2024-12-27 14:45:09,9,77284
697,2024-12-27 14:45:18,3,61849
698,2024-12-27 14:45:20,1,27035
699,2024-12-27 14:45:24,4,41707
700,2024-12-27 14:45:26,9,77108
701,2024-12-27 14:46:42,3,47067
702,2024-12-27 14:47:23,1,19140
703,2024-12-27 14:48:06,5,67567
704,2024-12-27 14:48:10,6,89109
705,2024-12-27 14:48:43,1,55727
706,2024-12-27 14:48:54,9,16689
707,2024-12-27 14:48:58,10,27280
708,2024-12-27 14:50:21,7,11034
709,2024-12-27 14:50:38,7,29198
710,2024-12-27 14:50:46,8,71066
711,2024-12-27 14:50:52,6,59624
712,2024-12-27 14:50:55,2,59983
713,2024-12-27 14:51:36,2,30082
714,2024-12-27 14:51:54,6,25815
715,2024-12-27 14:52:17,8,78141
716,2024-12-27 14:54:02,5,50466
717,2024-12-27 14:54:08,2,79210
718,2024-12-27 14:55:18,3,61849
719,2024-12-27 14:55:50,1,27035
720,2024-12-27 14:55:56,8,10923
721,2024-12-27 14:56:09,9,77284
722,2024-12-27 14:56:26,9,77108
723,2024-12-27 14:56:42,10,47067
724,2024-12-27 14:57:11,5,34048
725,2024-12-27 14:58:46,2,35193
726,2024-12-27 14:58:57,6,20730
727,2024-12-27 14:59:13,1,55727
728,2024-12-27 14:59:38,2,14540
729,2024-12-27 14:59:54,9,16689
730,2024-12-27 15:00:33,2,33640
731,2024-12-27 15:00:51,7,11034
732,2024-12-27 15:00:58,4,35158
733,2024-12-27 15:01:03,10,59707
734,2024-12-27 15:01:08,7,29198
735,2024-12-27 15:01:42,4,38777
736,2024-12-27 15:02:28,6,52310
737,2024-12-27 15:02:39,4,41707
738,2024-12-27 15:03:34,8,33620
739,2024-12-27 15:04:21,10,72524
740,2024-12-27 15:05:00,10,28070
741,2024-12-27 15:07:09,9,77284
742,2024-12-27 15:07:26,9,77108
743,2024-12-27 15:08:25,2,59983
744,2024-12-27 15:08:25,6,89109
745,2024-12-27 15:08:31,3,71066
746,2024-12-27 15:08:34,10,88361
747,2024-12-27 15:09:06,3,30082
748,2024-12-27 15:09:43,1,55727
749,2024-12-27 15:10:02,8,78141
750,2024-12-27 15:10:54,9,16689
751,2024-12-27 15:11:21,7,11034
752,2024-12-27 15:11:38,7,79210
753,2024-12-27 15:11:38,7,29198
754,2024-12-27 15:12:09,6,25815
755,2024-12-27 15:13:41,9,10923
756,2024-12-27 15:13:58,10,27280
757,2024-12-27 15:14:58,3,37238
758,2024-12-27 15:16:16,2,35193
759,2024-12-27 15:17:02,5,50466
760,2024-12-27 15:17:08,2,14540
761,2024-12-27 15:17:39,3,86021
762,2024-12-27 15:18:03,10,33640
763,2024-12-27 15:18:09,9,77284
764,2024-12-27 15:18:13,4,35158
765,2024-12-27 15:18:26,9,77108
766,2024-12-27 15:18:31,9,71066
767,2024-12-27 15:18:57,4,38777
768,2024-12-27 15:19:12,5,20730
769,2024-12-27 15:19:54,4,41707
770,2024-12-27 15:20:11,5,34048
771,2024-12-27 15:20:13,1,55727
772,2024-12-27 15:21:05,1,18309
773,2024-12-27 15:21:19,8,33620
774,2024-12-27 15:21:42,10,47067
775,2024-12-27 15:21:51,7,11034
776,2024-12-27 15:21:54,9,16689
777,2024-12-27 15:24:02,4,88502
778,2024-12-27 15:24:58,3,37238
779,2024-12-27 15:25:55,2,59983
780,2024-12-27 15:26:03,10,59707
781,2024-12-27 15:26:43,1,86965
782,2024-12-27 15:27:39,3,86021
783,2024-12-27 15:27:47,8,78141
784,2024-12-27 15:28:40,2,89109
785,2024-12-27 15:29:09,9,77284
786,2024-12-27 15:29:26,9,77108
787,2024-12-27 15:29:31,9,71066
788,2024-12-27 15:30:00,10,28070
789,2024-12-27 15:30:43,1,55727
790,2024-12-27 15:31:35,1,18309
791,2024-12-27 15:32:21,7,11034
792,2024-12-27 15:32:24,6,25815
793,2024-12-27 15:32:54,3,16689
794,2024-12-27 15:33:34,10,88361
795,2024-12-27 15:33:46,2,35193
796,2024-12-27 15:34:38,2,14540
797,2024-12-27 15:34:58,3,37238
798,2024-12-27 15:35:28,4,35158
799,2024-12-27 15:36:12,4,38777
800,2024-12-27 15:37:09,4,41707
801,2024-12-27 15:37:13,1,86965
802,2024-12-27 15:37:39,3,86021
803,2024-12-27 15:38:58,10,27280
804,2024-12-27 15:39:04,8,33620
805,2024-12-27 15:40:02,5,50466
806,2024-12-27 15:40:09,3,77284
807,2024-12-27 15:40:26,9,77108
808,2024-12-27 15:40:31,9,71066
809,2024-12-27 15:41:17,4,88502
810,2024-12-27 15:42:05,1,18309
811,2024-12-27 15:42:12,1,20730
812,2024-12-27 15:42:51,7,11034
813,2024-12-27 15:42:54,3,16689
814,2024-12-27 15:43:03,10,33640
815,2024-12-27 15:43:11,5,34048
816,2024-12-27 15:43:25,2,59983
817,2024-12-27 15:44:58,3,37238
818,2024-12-27 15:45:32,8,78141
819,2024-12-27 15:46:42,10,47067
820,2024-12-27 15:47:39,3,86021
821,2024-12-27 15:47:43,1,86965
822,2024-12-27 15:47:54,7,58947
823,2024-12-27 15:48:34,1,52444
824,2024-12-27 15:48:41,6,18170
825,2024-12-27 15:49:24,8,83507
826,2024-12-27 15:50:09,3,77284
827,2024-12-27 15:51:03,10,59707
828,2024-12-27 15:51:16,2,35193
829,2024-12-27 15:51:31,9,71066
830,2024-12-27 15:52:08,2,14540
831,2024-12-27 15:52:35,1,18309
832,2024-12-27 15:52:39,6,25815
833,2024-12-27 15:52:42,1,20730
834,2024-12-27 15:52:43,9,35158
835,2024-12-27 15:53:21,5,11034
836,2024-12-27 15:53:27,4,38777
837,2024-12-27 15:54:24,4,41707
838,2024-12-27 15:54:58,3,37238
839,2024-12-27 15:55:00,10,28070
840,2024-12-27 15:56:49,8,33620
841,2024-12-27 15:57:39,3,86021
842,2024-12-27 15:58:02,2,52857
843,2024-12-27 15:58:13,1,86965
844,2024-12-27 15:58:24,7,58947
845,2024-12-27 15:58:32,4,88502
846,2024-12-27 15:58:34,10,88361
847,2024-12-27 15:59:04,3,52444
848,2024-12-27 15:59:19,8,39415
849,2024-12-27 15:59:27,2,33872
850,2024-12-27 16:00:55,2,59983
851,2024-12-27 16:02:31,9,71066
852,2024-12-27 16:03:02,5,50466
853,2024-12-27 16:03:05,3,18309
854,2024-12-27 16:03:12,1,20730
855,2024-12-27 16:03:17,8,78141
856,2024-12-27 16:03:43,9,35158
857,2024-12-27 16:03:58,10,27280
858,2024-12-27 16:04:58,1,37238
859,2024-12-27 16:07:09,9,83507
860,2024-12-27 16:07:39,3,86021
861,2024-12-27 16:08:03,10,33640
862,2024-12-27 16:08:43,1,86965
863,2024-12-27 16:08:46,2,35193
864,2024-12-27 16:08:54,7,58947
865,2024-12-27 16:08:56,6,18170
866,2024-12-27 16:09:04,3,52444
867,2024-12-27 16:09:38,2,14540
868,2024-12-27 16:10:42,3,38777
869,2024-12-27 16:11:39,4,41707
870,2024-12-27 16:11:42,10,47067
871,2024-12-27 16:12:54,6,25815
872,2024-12-27 16:13:05,3,18309
873,2024-12-27 16:13:31,9,71066
874,2024-12-27 16:13:42,7,20730
875,2024-12-27 16:14:34,8,33620
876,2024-12-27 16:15:28,1,37238
877,2024-12-27 16:15:32,2,52857
878,2024-12-27 16:15:47,4,88502
879,2024-12-27 16:16:03,4,59707
880,2024-12-27 16:16:21,5,11034
881,2024-12-27 16:16:57,2,33872
882,2024-12-27 16:17:04,8,39415
883,2024-12-27 16:17:39,3,86021
884,2024-12-27 16:18:09,1,83507
885,2024-12-27 16:19:04,3,52444
886,2024-12-27 16:19:13,1,86965
887,2024-12-27 16:19:24,7,58947
888,2024-12-27 16:21:02,8,78141
889,2024-12-27 16:23:05,3,18309
890,2024-12-27 16:23:34,10,88361
891,2024-12-27 16:24:31,9,71066
892,2024-12-27 16:25:58,1,37238
893,2024-12-27 16:26:02,5,50466
894,2024-12-27 16:26:16,2,35193
895,2024-12-27 16:27:08,2,14540
896,2024-12-27 16:27:39,3,86021
897,2024-12-27 16:28:39,1,83507
898,2024-12-27 16:28:54,4,41707
899,2024-12-27 16:29:04,3,52444
900,2024-12-27 16:29:11,6,18170
901,2024-12-27 16:29:43,1,86965
902,2024-12-27 16:29:54,7,58947
903,2024-12-27 16:32:19,8,33620
904,2024-12-27 16:33:02,2,52857
905,2024-12-27 16:33:02,6,88502
906,2024-12-27 16:33:03,10,33640
907,2024-12-27 16:33:05,3,18309
908,2024-12-27 16:33:09,6,25815
909,2024-12-27 16:33:18,4,59707
910,2024-12-27 16:34:27,2,33872
911,2024-12-27 16:34:49,8,39415
912,2024-12-27 16:35:31,9,71066
913,2024-12-27 16:36:28,1,37238
914,2024-12-27 16:36:42,10,47067
915,2024-12-27 16:37:39,3,86021
916,2024-12-27 16:38:47,8,78141
917,2024-12-27 16:39:04,3,52444
918,2024-12-27 16:39:09,1,83507
919,2024-12-27 16:40:13,1,86965
920,2024-12-27 16:40:24,7,58947
921,2024-12-27 16:43:05,3,18309
922,2024-12-27 16:44:38,2,14540
923,2024-12-27 16:46:09,4,41707
924,2024-12-27 16:46:58,1,37238
925,2024-12-27 16:47:39,3,86021
926,2024-12-27 16:48:34,10,88361
927,2024-12-27 16:49:02,5,50466
928,2024-12-27 16:49:04,3,52444
929,2024-12-27 16:49:26,9,18170
930,2024-12-27 16:49:39,1,83507
931,2024-12-27 16:50:04,8,33620
932,2024-12-27 16:50:32,2,52857
933,2024-12-27 16:50:43,1,86965
934,2024-12-27 16:50:54,7,58947
935,2024-12-27 16:51:57,2,33872
936,2024-12-27 16:52:34,8,39415
937,2024-12-27 16:53:05,3,18309
938,2024-12-27 16:53:17,6,88502
939,2024-12-27 16:53:24,6,25815
940,2024-12-27 16:56:32,8,78141
941,2024-12-27 16:58:03,10,33640
942,2024-12-27 16:59:04,3,52444
943,2024-12-27 17:00:09,1,83507
944,2024-12-27 17:00:26,7,18170
945,2024-12-27 17:01:13,1,86965
946,2024-12-27 17:01:24,7,58947
947,2024-12-27 17:01:42,10,47067
948,2024-12-27 17:02:08,2,14540
949,2024-12-27 17:03:24,8,41707
950,2024-12-27 17:07:49,8,33620
951,2024-12-27 17:08:02,2,52857
952,2024-12-27 17:09:04,3,52444
953,2024-12-27 17:09:27,2,33872
954,2024-12-27 17:10:19,8,39415
955,2024-12-27 17:10:39,1,83507
956,2024-12-27 17:10:56,7,18170
957,2024-12-27 17:11:54,7,58947
958,2024-12-27 17:12:02,5,50466
959,2024-12-27 17:13:32,4,88502
960,2024-12-27 17:13:34,10,88361
961,2024-12-27 17:13:39,6,25815
962,2024-12-27 17:19:04,3,52444
963,2024-12-27 17:19:38,2,14540
964,2024-12-27 17:21:09,1,83507
965,2024-12-27 17:21:26,7,18170
966,2024-12-27 17:22:24,7,58947
967,2024-12-27 17:23:03,10,33640
968,2024-12-27 17:25:32,2,52857
969,2024-12-27 17:25:34,8,33620
970,2024-12-27 17:26:42,10,47067
971,2024-12-27 17:26:57,2,33872
972,2024-12-27 17:28:04,8,39415
973,2024-12-27 17:30:47,4,88502
974,2024-12-27 17:31:39,4,83507
975,2024-12-27 17:31:56,7,18170
976,2024-12-27 17:33:54,4,25815
977,2024-12-27 17:37:08,2,14540
978,2024-12-27 17:38:34,10,88361
979,2024-12-27 17:42:26,7,18170
980,2024-12-27 17:43:02,2,52857
981,2024-12-27 17:43:19,8,33620
982,2024-12-27 17:44:27,2,33872
983,2024-12-27 17:45:49,8,39415
984,2024-12-27 17:48:02,9,88502
985,2024-12-27 17:48:03,10,33640
986,2024-12-27 17:51:42,10,47067
987,2024-12-27 17:52:56,7,18170
988,2024-12-27 17:59:02,9,88502
989,2024-12-27 18:00:32,2,52857
990,2024-12-27 18:01:57,8,33872
991,2024-12-27 18:03:34,8,39415
992,2024-12-27 18:13:03,10,33640
993,2024-12-27 18:16:42,10,47067
994,2024-12-27 18:18:02,2,52857
995,2024-12-27 18:19:42,8,33872
996,2024-12-27 18:21:19,4,39415
997,2024-12-27 18:35:32,2,52857
998,2024-12-27 18:37:27,4,33872
999,2024-12-27 18:38:03,10,33640
